排名,代號,名稱,成交,漲跌價,漲跌幅,財報年度,營收(億),營收成長(%),毛利(億),毛利成長(%),淨利(億),淨利成長(%),毛利(%),毛率增減,淨利(%),淨率增減,ROA(%),ROA增減,ROE(%),ROE增減,EPS(元),EPS增減(元),財報評分
1,6158,禾昌,26.25,-0.5,-1.9,2018,17.3,+5.33,5.67,+20.4,3.86,+430,32.7,+4.1,22.3,+17.9,11.3,+9.25,16.3,+13.4,3.65,+2.98,64
2,1441,大東,14.3,0,0,2018,16.2,+0.1,-0.44,-498,9.05,+430,-2.73,-2.27,55.7,+72.6,30.8,+39.4,91.6,+141,11.66,+15.5,53
3,2327,國巨,253,-4.5,-1.7,2018,772,+139,488,+365,338,+394,63.3,+30.8,43.9,+23.2,35.2,+24.3,74.6,+50.8,80.3,+64.7,81
4,5488,松普,7.93,+0.02,+0.3,2018,15.4,-10.1,1.92,-7.27,1.68,+1409,12.5,+0.38,11,+11.7,11.1,+12,16.5,+17.8,1.84,+1.98,57
5,9188,精熙-DR,3.77,-0.08,-2.1,2012,26.9,-27.1,5.32,-28.9,0.02,-99.1,19.8,-0.49,0.06,-5.41,0.03,-3.59,0.04,-4.14,0,-0.24,41
6,1316,上曜,12.05,0,0,2018,15.2,-29.5,4.46,-29.6,1.66,-50.8,29.3,-0.02,15.2,+0.12,4.45,-2.96,8.17,-5.91,1.39,-1.78,47
7,3090,日電貿,43.7,-0.45,-1,2018,107,+29.4,29.7,+109,15.3,+163,27.8,+10.6,14.8,+7.55,19.6,+11.4,38,+19.4,8.56,+5.06,55
8,3310,佳穎,33.8,-0.1,-0.3,2018,27.4,+72.3,4.87,+43.4,2.72,+284,17.8,-3.59,9.91,+5.46,6.8,+5.33,20.8,+15.7,4.64,+3.73,45
9,5864,致和證,8.98,+0.02,+0.2,2018,3.79,+5.87,3.61,+6.01,4.45,+253,95.4,+0.13,118,+82.2,9.09,+6.44,13.3,+9.25,2.01,+1.42,66
10,1808,潤隆,61.9,+1.1,+1.8,2018,138,+216,35.1,+253,21.9,+280,25.3,+2.64,15.8,+2.64,9.11,+6.51,36.6,+24.9,8.11,+5.73,55
11,8066,來思達,78.4,-0.6,-0.8,2018,79.8,+4.6,12.6,+5.85,3.97,+34.2,15.8,+0.19,5.65,+0.35,22,-0.65,46.5,-1.53,13.11,+2.85,50
12,1453,大將,7.95,-0.05,-0.6,2018,0.28,-55.9,0,+81.3,3.36,+1336,-1.69,+2.3,1186,+1227,24.8,+26.9,29,+31.7,3.74,+4.04,57
13,3712,永崴投控,20.2,0,0,2018,32.8,無資訊,3.21,無資訊,-1.67,無資訊,9.79,無資訊,-5.08,無資訊,-1.07,無資訊,-2.3,無資訊,-1.24,無資訊,32
14,2069,運錩,20.65,+0.05,+0.2,2018,85.5,+0.12,5.01,-26.4,8.71,+316,5.86,-2.11,10.2,+7.73,10.9,+7.8,26.3,+18.8,5.9,+4.35,43
15,6654,天正國際,50.4,+0.2,+0.4,2018,12.2,+81.8,4.37,+136,2.57,+162,35.9,+8.24,21.1,+6.47,20.9,+9.32,40,+12.3,9.13,+4.98,68
16,2442,新美齊,12.65,-0.2,-1.6,2018,61.3,+219,15,+402,8.24,+894,24.6,+8.95,14.3,+19.6,11.4,+13,27.3,+31.5,3.46,+3.9,53
17,4807,日成-KY,34.15,+0.4,+1.2,2018,29.3,+36.2,8.75,+32.5,2.06,+62.5,29.9,-0.83,12.6,+2.17,22.1,+5.75,29.3,+5.45,5.41,+1.9,66
18,6266,泰詠,20.9,-0.15,-0.7,2018,31.6,+34,4.83,+49.4,2.6,+116,15.3,+1.57,8.21,+3.13,10.9,+5.24,17.3,+8.8,2.82,+1.52,51
19,3623,富晶通,21.65,+0.05,+0.2,2018,7.91,-11.1,1.51,-31.9,0.74,-28.8,19.1,-5.85,9.35,-2.34,9.57,-2.5,13,-3.67,2.56,-0.53,55
20,5213,亞昕,17.75,-0.05,-0.3,2018,57,+26.5,15.8,+17.8,7.1,-2.47,27.6,-2.05,12.2,-3.04,2.7,+0.14,8.36,-0.36,2.05,+0.07,45
21,2492,華新科,146,-1.5,-1,2018,478,+121,288,+413,197,+655,60.4,+34.4,43,+30,41.7,+32.9,72.8,+56.9,40.75,+35.6,79
22,3402,漢科,27.25,+0.05,+0.2,2018,37.2,+9.29,6.56,+25,2.6,+28.3,17.6,+2.22,6.99,+1.03,8.19,+1.91,18.5,+3.42,3.56,+0.79,41
23,4714,永捷,14.5,-0.15,-1,2018,5.51,+1.82,0.73,-8.74,0.89,+1232,13.2,-1.52,16.1,+17.6,5.16,+5.74,6.71,+7.38,0.98,+1.08,47
24,2456,奇力新,73.5,-1.9,-2.5,2018,176,+38.9,61.3,+82,28.8,+146,34.9,+8.28,16.3,+4.62,9.05,-0.17,17.2,-6.34,11.54,+4.44,55
25,3167,大量,32.5,-0.05,-0.2,2018,39.9,+12.6,11.2,+12.9,4.34,+25,28.1,+0.07,11.2,+1.38,9.51,+1.42,23.6,+2.79,5.42,+1.08,53
26,5525,順天,27.95,-0.25,-0.9,2018,41.9,+183,13.4,+157,9.28,+232,31.9,-3.26,22.2,+3.3,8.91,+6.14,21.4,+14.6,4.31,+3.11,53
27,1101,台泥,37.85,-0.1,-0.3,2018,"1,246",+26.7,336,+77.6,212,+179,27,+7.72,18.2,+7.67,7.34,+3.52,12.9,+6.06,4.37,+2.34,53
28,3026,禾伸堂,85.3,-0.2,-0.2,2018,164,+24.7,57.5,+137,27.8,+217,35.1,+16.7,16.4,+10.8,20.2,+14.2,29,+20.4,17.61,+13.2,66
29,5015,華祺,40,-0.3,-0.7,2018,26.2,+7.08,5.55,+13.7,3.05,+50.4,21.2,+1.22,11.6,+3.35,15.2,+3.83,25.1,+7.17,5.02,+1.68,62
30,1463,強盛,13.4,0,0,2018,9.73,-43.5,3.52,-57.4,2.66,-53.5,36.2,-11.9,31.7,-8.11,10.6,-9.54,11.9,-13.3,1.62,-1.88,83
31,6496,科懋,38.3,-0.4,-1,2018,16.9,-1.54,5.86,-12.3,2.22,-20.7,34.7,-4.25,13.1,-3.17,13.4,-4.08,16.4,-5.27,4.75,-1.24,66
32,8112,至上,28.9,0,0,2018,"1,422",+15.9,38.1,+13.5,14.4,+1.06,2.68,-0.06,1.1,-0.17,5.36,+0.03,19.4,-1.45,3.85,-0.1,30
33,3092,鴻碩,48.25,+0.45,+0.9,2018,31.2,+19.6,8.15,+11,3.94,+17.8,26.1,-2.01,12.6,-0.18,12,+0.44,23.8,+1.66,5.54,+0.74,55
34,2707,晶華,165.5,+4.5,+2.8,2018,66.8,-4.69,22.5,-4.13,13.7,+29.1,33.7,+0.2,20.9,+5.42,18.3,+3.71,34.7,+6.05,10.8,+2.43,66
35,2501,國建,20.45,0,0,2018,143,+16.5,37.2,+43.7,36.1,+150,26,+4.93,29.7,+19.6,8.27,+6,17.5,+12.2,3.11,+1.86,51
36,1314,中石化,9.78,-0.02,-0.2,2018,385,+15.5,51.8,-3.64,42.9,-29.6,13.4,-2.67,11.1,-7.14,5,-2.7,6.6,-4.12,1.59,-0.96,51
37,6207,雷科,24.5,-0.25,-1,2018,22.1,-3.34,6.46,+0.2,3.36,+45.9,29.2,+1.03,15.2,+5.22,9.15,+2.8,21.1,+5.56,4,+1.26,55
38,6180,橘子,61,-0.3,-0.5,2018,143,+69.1,48.9,+213,17.6,+6497,34.1,+15.7,11.8,+12.2,18.5,+18.9,40.8,+42.2,10.31,+10.1,70
39,6613,朋億,148,+2,+1.4,2018,48.7,+45.6,11,+10.4,5.6,+25.1,22.6,-7.22,11.5,-1.88,11.4,+1.34,26,-3.2,16.5,+1.43,55
40,2408,南亞科,70.3,+0.1,+0.1,2018,847,+54.3,466,+89.2,394,-2.28,55,+10.2,46.5,-26.9,23.6,-4.39,26.5,-10.5,12.8,-1.56,98
41,2614,東森,9.97,+0.02,+0.2,2018,193,+35.8,48.6,+39,10.7,-57.6,25.2,+0.58,7.82,-11,9.49,-12.4,18.3,-21.9,1.74,-1.89,51
42,5317,凱美,40,-0.4,-1,2018,13.6,+5.31,2.74,+4.08,29.6,+886,20.2,-0.24,219,+195,35,+26.9,71.3,+51.8,21.72,+19.5,64
43,1305,華夏,19.15,+0.25,+1.3,2018,152,+3.34,27,-2.68,12.8,+0.5,17.8,-1.1,8.93,-0.18,10.5,+0.16,15.9,-0.84,2.52,-0.06,53
44,2596,綠意,20.35,-0.05,-0.2,2018,11.6,-4.57,5.04,+3.83,3.64,+42,43.3,+3.5,33.2,+4.67,14.1,+1.26,16.3,+0.04,3.64,+0.92,81
45,5283,禾聯碩,92.3,-0.9,-1,2018,53.3,-6.08,19.6,-20.5,8.1,+3.38,36.8,-6.65,15.2,+1.39,18.5,-3.61,27.8,-4.28,12.13,+0.4,60
46,1436,華友聯,41.4,+0.4,+1,2018,26.2,+17.7,7.09,+29.2,3.57,+49.6,27,+2.41,13.6,+2.91,4.73,+1.27,14.1,+4,4.48,+1.33,40
47,6143,振曜,41.4,+0.25,+0.6,2018,62.6,-11.7,7.86,-24.5,3.75,+502,12.6,-2.13,5.57,+7.07,3.65,+4.61,15.1,+19.6,4.51,+5.63,47
48,6277,宏正,84.6,+0.6,+0.7,2018,51.7,+4.56,30.4,+4.07,15.8,+117,58.8,-0.28,30.7,+15.8,24.4,+11.8,38.2,+18.4,13.19,+7.11,74
49,3706,神達,31.75,-0.15,-0.5,2018,308,-36.9,47.9,-15.5,33,+27.7,15.6,+3.95,10.7,+5.43,6.92,+1.61,9.09,+1.63,3.58,+0.34,49
50,5220,萬達光電,31.75,+0.05,+0.2,2018,12.4,-0.26,3.18,+13.6,1.47,+56,25.6,+3.13,11.8,+4.26,15.8,+4.88,23.8,+5.94,3.84,+1.15,64
51,5604,中連貨,39.9,+0.1,+0.3,2018,10.6,-6.7,2.84,-12.5,4.38,+412,26.7,-1.78,41.3,+33.7,12.2,+9.79,19.2,+15.3,4.03,+3.24,59
52,5536,聖暉,160.5,+0.5,+0.3,2018,142,+24.3,25.4,+24.1,10.5,+24.6,17.8,-0.04,8.97,+0.38,10.9,+1.32,25.4,+0.98,19.52,+1.35,53
53,6425,易發,32.2,+0.05,+0.2,2018,19.5,+10.8,6.42,+18.9,1.64,+89.5,32.8,+2.24,8.42,+3.5,6.91,+2.68,14.8,+6.35,4.39,+2.03,47
54,2636,台驊投控,23.65,+0.35,+1.5,2018,115,+9.48,19.6,+2.04,3.55,+47.8,17,-1.24,3.18,+0.78,6.81,+1.75,14.5,+3.96,3.07,+1,43
55,8091,翔名,60.6,-0.4,-0.7,2018,15.7,-16,5.95,-6.24,2.84,-29.3,37.8,+3.96,18,-3.39,10.1,-3.4,11.6,-4.94,6.56,-0.44,68
56,2020,美亞,15.15,-0.1,-0.7,2018,47.4,-2.7,4.24,-42,3.01,-11.8,8.96,-6.08,6.58,-1.43,5.32,-1.19,9.81,-2.07,1.34,-0.12,40
57,6123,上奇,39.05,-0.1,-0.3,2018,52.3,+23.6,7.67,+2.74,2.03,+18.2,14.7,-2.97,4.67,+0.01,10.9,+3.45,19.2,+5.13,3.66,+0.6,45
58,1718,中纖,8.15,+0.07,+0.9,2018,409,+11.2,126,+7.61,13.7,+72.8,30.8,-1.02,10.8,+1.37,0.62,+0.11,7.9,+1.26,1.13,+0.43,49
59,2542,興富發,48.9,+0.25,+0.5,2018,442,+137,132,+165,68.6,+255,29.8,+3.16,19.8,+6.68,6.85,+4.78,23.5,+16.8,6.01,+4.32,51
60,2493,揚博,27.5,-0.1,-0.4,2018,24,+5.21,7.66,+13,3.43,+38.8,31.9,+2.2,14.3,+3.46,10.2,+2.3,14.7,+3.64,3,+0.84,57
61,6148,驊宏資,11,0,0,2018,7.03,+44.7,1.29,+23,0.5,+142,18.3,-3.23,7.16,+49.3,3.44,+11.3,8.52,+33.1,0.77,+2.1,36
62,5371,中光電,38.55,+0.15,+0.4,2018,557,+4.83,104,+14.1,20.2,+15.4,18.6,+1.51,3.82,+0.61,4.25,+0.92,8.9,+1.69,4.65,+0.62,45
63,3567,逸昌,22.15,-0.2,-0.9,2018,4.13,-1.31,1.7,-3.19,0.93,-4.93,41.1,-0.8,22.5,-0.86,14.3,-0.63,17,-0.98,2.63,-0.13,75
64,6108,競國,27.75,+0.15,+0.5,2018,89.3,+2.28,13.7,+9.54,5.56,+104,15.3,+1.02,6.22,+3.09,5.07,+2.52,14.6,+7.3,3.47,+1.76,49
65,5820,日盛金,9.57,-0.07,-0.7,2018,85.8,+5.09,無資訊,無資訊,25.1,+7.57,無資訊,無資訊,29.2,+0.66,0.82,+0.01,6.03,-0.07,0.71,+0.04,47
66,2467,志聖,28,+0.15,+0.5,2018,57,+13.9,18,+8.42,5.56,+38.1,31.5,-1.6,10.5,+1.95,9.62,+2.08,23.4,+4.16,3.73,+1.03,51
67,2597,潤弘,53.9,-0.2,-0.4,2018,86.5,+14.4,13.1,+18.9,6.61,+92.2,15.2,+0.57,8.46,+2.77,7.58,+3.23,13.8,+5.69,4.9,+2.35,45
68,8354,冠好,20.25,-0.4,-1.9,2018,7.78,-5.32,1.34,-17.6,2.23,+88,17.2,-2.56,28.7,+14.2,7.02,+3,14.1,+5.95,3.18,+1.32,55
69,3032,偉訓,25.4,+0.1,+0.4,2018,74.3,+3.79,9.74,-21.5,4.19,+72.2,13.1,-4.22,6.2,+2.04,5.76,+1.72,13.2,+4.26,3.7,+1.55,47
70,4527,方土霖,22.6,+0.1,+0.4,2018,29.8,+10.5,6.95,+3.56,2.14,+12.3,23.4,-1.57,7.22,-0.06,8.63,+0.44,14.9,+1.06,2.81,+0.31,49
71,1605,華新,13.6,0,0,2018,"1,909",+13.8,159,+32.7,118,+79.2,8.35,+1.19,6.26,+2.27,9.1,+3.62,15.8,+6.05,3.53,+1.56,40
72,6667,信紘科,31.7,+0.3,+1,2018,10,+8.05,2.45,-6.87,1.03,-14.6,24.4,-3.91,10.3,-2.73,6.5,-0.98,13.9,-5.25,3.24,-0.67,51
73,1532,勤美,30.9,-0.05,-0.2,2018,181,+24.6,50.2,+31.2,18.4,+201,27.8,+1.41,13.2,+6.1,6.16,+3.4,14.6,+8.58,4.76,+3.18,47
74,6488,環球晶,288.5,+0.5,+0.2,2018,591,+27.8,223,+88.8,136,+158,37.8,+12.2,23.1,+11.7,17,+8.97,35.3,+14.2,31.18,+18.5,74
75,8049,晶采,23.1,-0.45,-1.9,2018,19.5,+9.02,5.16,+27.3,2.98,+48.9,26.5,+3.81,15.3,+4.09,15.7,+4.75,19.3,+5.86,2.52,+0.83,66
76,1451,年興,23.15,+0.05,+0.2,2018,88,-2.63,8.61,+35.3,4.01,+42.6,9.79,+2.74,4.56,+1.45,3.86,+1.5,5.38,+2.1,2.03,+1.09,45
77,4764,雙鍵,69.5,+0.6,+0.9,2018,45.3,+10.4,12.5,+30.1,5.62,+69.9,27.6,+4.19,12.5,+4.38,15.5,+3.73,25.6,+6.08,8.06,+2.84,62
78,5315,光聯,17,-0.35,-2,2018,18.2,+0.04,3.32,+0.78,2.11,+99,18.2,+0.13,11.6,+5.76,11,+5.82,16.3,+8.59,2.04,+1.03,60
79,3532,台勝科,104.5,-0.5,-0.5,2018,164,+28.7,69.6,+105,55.8,+149,42.6,+15.9,34.1,+16.5,22.8,+13,25.7,+14.9,9.41,+6.52,91
80,2939,凱羿-KY,105,-0.5,-0.5,2018,31.3,-44.2,8.28,-45.5,5.06,-40.9,26.5,-0.6,16.5,+1.23,25.3,-22.1,32.8,-31.6,10.31,-8.32,70
81,9962,有益,10.5,0,0,2018,29.1,+27.1,1.94,+41.6,0.94,+57.6,6.67,+0.68,3.24,+0.63,7.65,+2.37,9.41,+3.32,1.04,+0.38,47
82,1457,宜進,14.05,0,0,2018,56.5,+11.7,6.98,+27.2,4.95,-18.1,12.4,+1.51,12.5,-1.54,4.69,-0.98,10.1,-0.7,2.13,-0.39,40
83,2375,智寶,35.15,-0.45,-1.3,2018,29.7,+1.61,5.69,+4.9,17.5,+659,19.1,+0.6,96.1,+83.5,27.6,+21.2,54.1,+41,19.11,+16.6,64
84,1813,寶利徠,23.5,+0.1,+0.4,2018,4.59,+15.5,0.66,-19.8,0.64,+2921,14.4,-6.31,9.5,+14.4,3.51,+5.05,4.3,+6.17,1.37,+1.32,55
85,5426,振發,11.75,-0.15,-1.3,2018,18.3,+10.5,3.64,+27.4,1.38,+885,19.9,+2.64,7.23,+5.97,4.46,+3.74,5.9,+4.97,0.96,+0.86,53
86,6021,大慶證,11.75,-0.1,-0.8,2018,6.14,-2.53,5.58,-4.8,1.97,+17.2,91,-2.17,32,+5.4,2.46,+0.38,4.08,+0.36,0.64,+0.09,64
87,8163,達方,41.35,0,0,2018,201,+13.9,43.1,+52.3,15.2,+162,21.4,+5.41,7.59,+4.29,8.86,+5.25,17.5,+10.4,5.43,+3.36,43
88,2546,根基,35.55,-0.05,-0.1,2018,114,+36.6,7.29,+30.8,4.08,+38,6.38,-0.28,3.57,+0.04,6,+1.1,16.7,+3.75,3.84,+1.05,39
89,4707,磐亞,9.5,-0.04,-0.4,2018,18.6,+22.7,0.93,+41,2.47,+62.5,5.01,+0.65,13.3,+3.26,3.44,+1.19,5.58,+1.76,0.92,+0.3,38
90,3526,凡甲,61.9,+0.3,+0.5,2018,19.5,+3.43,7.86,+0.74,3.41,+69.4,40.2,-1.08,17.5,+6.8,13.5,+5.32,23.4,+9.78,5.23,+2.17,64
91,6161,捷波,19.15,-0.2,-1,2018,14.8,+11.8,4.06,+3.58,1.84,-9.76,27.4,-2.18,12.4,-2.98,10.5,-0.47,13.2,-0.38,1.87,+0.06,60
92,6187,萬潤,37.15,+0.4,+1.1,2018,19.3,+3.16,8,-5.53,3.14,+3.7,41.5,-3.82,16.3,+0.08,12.4,+0.44,16.8,+0.39,3.74,+0.14,66
93,5508,永信建,34.3,0,0,2018,31.9,+5.81,9.41,+5.58,6.91,+4.82,29.5,-0.06,21.7,-0.21,9.11,-0.85,15.3,+0.09,3.18,+0.15,48
94,1615,大山,16.25,-0.15,-0.9,2018,33.7,+23,3.43,+27.4,1.97,+34,10.2,+0.35,5.84,+0.48,8.22,+1.74,12.1,+2.62,1.76,+0.45,43
95,1582,信錦,78.4,-0.3,-0.4,2018,88.1,-0.7,20.3,-0.94,8.9,+2.36,23.1,-0.06,10.1,+0.3,10.5,+0.63,15.4,+0.39,5.88,+0.46,60
96,2509,全坤建,29,+0.05,+0.2,2018,39.5,+248,15.3,+430,9.86,+3236,38.8,+13.4,25,+22.4,11.8,+11.4,25.8,+24.9,5.7,+5.51,62
97,4999,鑫禾,42.35,-0.05,-0.1,2018,24.4,-3.07,8.6,-6.24,4.7,+22.4,35.3,-1.19,19.3,+4.02,11.5,+1.84,14.5,+1.91,6.33,+1.11,68
98,1558,伸興,133.5,+2,+1.5,2018,66.7,+11.3,16.9,+11.5,9.24,+75.8,25.3,+0.04,14.1,+5.13,13.9,+5.59,20.3,+8.35,15.26,+6.58,68
99,1710,東聯,21.25,+0.1,+0.5,2018,321,+11.1,43,-3.28,17.5,+0.08,13.4,-1.98,7.43,-0.85,6.6,-0.15,13.1,-1.07,2.01,0,45
100,3028,增你強,20.65,-0.1,-0.5,2018,311,+12.7,18.1,+22.7,4.07,-5.98,5.83,+0.47,1.32,-0.25,2.58,-0.54,8.91,-0.13,1.9,-0.12,26
101,2459,敦吉,36.45,-0.2,-0.5,2018,87.9,-14.5,12.1,-6.22,4.32,-2.61,13.8,+1.22,5.59,+0.85,5.97,-0.05,10.4,+0.04,4.03,-0.1,51
102,3033,威健,19.7,-0.05,-0.3,2018,530,+2.04,34,+21.2,6.24,-1.14,6.42,+1.01,1.18,-0.04,2.67,-0.4,11.1,-0.71,1.83,-0.12,28
103,3563,牧德,330,+1.5,+0.5,2018,31.1,+119,21.7,+138,13,+180,69.6,+5.61,42,+9.55,48.5,+20.8,71.4,+34.2,30.43,+19.6,85
104,2535,達欣工,19.85,-0.05,-0.3,2018,145,+30.3,11.9,+14.8,5.46,+18,8.24,-1.11,3.78,-0.49,3.21,+0.21,9.23,+0.11,2.29,+0.15,36
105,2348,海悅,46.55,0,0,2018,11.3,+43.4,6.66,+98.7,4.62,+153,59,+16.4,40.7,+16.7,21.9,+11.2,33.2,+17.7,5.39,+3.26,81
106,1310,台苯,24.55,+0.05,+0.2,2018,154,+4.28,19.8,+17,12.2,+15.2,12.8,+1.4,7.72,+1.04,11.1,+2.4,15.5,+2.5,2.3,+0.3,62
107,2547,日勝生,12.3,-0.1,-0.8,2018,319,+125,72.3,+77.6,33.7,+544,22.6,-6.01,10.8,+15.8,5.52,+6.46,31.5,+39.1,3.77,+4.62,49
108,6195,詩肯,36.9,-0.1,-0.3,2018,17,-5.63,9.44,-5.98,1.68,-23.4,55.4,-0.21,9.84,-2.28,10.7,-2.77,16.6,-7.65,3.67,-1.38,52
109,1593,祺驊,49.3,0,0,2018,8.02,-3.89,2.47,-5.65,1.2,+5.25,30.8,-0.57,15.1,+1.38,11.3,+0.23,14.2,-0.09,3.8,+0.03,68
110,4967,十銓,24.7,0,0,2018,72,+5.5,4.68,-23.4,1.74,-28.3,6.5,-2.45,2.41,-1.14,10.4,-4.17,18.9,-16.9,3.04,-1.75,43
111,6173,信昌電,53.4,-1,-1.8,2018,57.5,+81.8,23.8,+206,14.8,+309,41.4,+16.8,25.7,+14.3,27.1,+18.5,38.6,+27,8.62,+6.61,77
112,2420,新巨,34.8,-0.15,-0.4,2018,28.2,-3.68,10.4,-5.83,4.97,+7.92,36.9,-0.84,17.8,+1.98,8.09,+1.36,16.5,+1.13,3.26,+0.24,53
113,8043,蜜望實,32.45,-0.5,-1.5,2018,57.4,+13.7,7.29,+115,4.03,+270,12.7,+5.99,7.03,+4.87,9.51,+6.73,16.5,+11.7,5.05,+3.69,43
114,5278,尚凡,197,+7,+3.7,2018,8.3,+70.4,4.42,+61.1,1.88,+2220,53.3,-3.07,23.1,+24.9,48.6,+51.8,73.8,+80.3,13.48,+14.1,83
115,3312,弘憶股,16.25,0,0,2018,98.1,+14.6,4.44,+11.5,1.38,+163,4.53,-0.13,1.41,+3.98,3.93,+10.7,11.4,+28.4,1.28,+3.5,36
116,4513,福裕,10,-0.05,-0.5,2018,20.6,+8.77,5.42,+27.2,0.97,+369,26.3,+3.81,4.74,+3.64,3.77,+2.95,11.1,+8.63,1.27,+1,40
117,9934,成霖,16.25,0,0,2018,179,-0.17,48.9,-3.58,6.18,-11.5,27.4,-0.97,3.46,-0.48,4.74,-0.56,10.2,-1.77,1.69,-0.29,45
118,8942,森鉅,69.7,+0.2,+0.3,2018,47.2,+5.3,17.4,+17.2,12.9,+3574,36.8,+3.75,27.4,+39,11.8,+16.6,19,+26.5,7.83,+8.06,72
119,5522,遠雄,37.6,0,0,2018,242,+30.1,50.5,+19.5,20,-0.27,20.8,-1.85,8.27,-2.52,2.44,+0.15,4.81,+0.13,2.42,+0.02,43
120,4552,力達-KY,48.9,+0.1,+0.2,2018,75.4,-7.15,17.8,-6.74,7.7,-16.7,23.6,+0.1,10.2,-1.17,12.2,-2.66,15.3,-3.53,7.7,-1.54,66
121,8941,關中,50.2,-0.3,-0.6,2018,25.4,+1.97,7.12,-7.73,0.88,-62.9,28,-2.94,3.26,-9.88,5.79,-15.5,9.96,-30.2,3.38,-6.64,47
122,5016,松和,31.4,-0.2,-0.6,2018,26.5,+2.96,3.79,-7.99,1.89,-6.95,14.3,-1.7,7.14,-0.77,6.76,-0.74,14.4,-1.76,3.81,-0.28,43
123,1604,聲寶,17.6,0,0,2018,70.8,-18.4,10.9,-48.6,6.62,+112,15.4,-9.05,9.68,+5.85,5.63,+2.88,10.4,+5.67,1.52,+0.85,47
124,6189,豐藝,33.1,+0.2,+0.6,2018,197,+6.64,17.8,+16,5.22,+48.6,9.04,+0.73,2.97,+0.8,6.86,+1.9,14.8,+3.98,2.92,+0.96,36
125,2063,世鎧,37.8,+0.2,+0.5,2018,10.9,+15,3.4,+22.1,1.65,+39.3,31.2,+1.82,15.2,+2.64,10.8,+2.18,23,+5.05,3.67,+1.04,52
126,5534,長虹,88.3,-0.5,-0.6,2018,121,+73.6,46.4,+57.2,41.6,+36.9,38.3,-4.01,34.4,-9.23,14.4,+3.98,27.4,+4.28,14.34,+3.86,68
127,6024,群益期,42.95,-0.1,-0.2,2018,28.1,+5.15,16.4,+20.9,8.35,+14.3,58.4,+7.59,29.8,+2.38,2.27,-0.16,17.2,-1.43,4.73,+0.05,52
128,1416,廣豐,15.2,-0.05,-0.3,2018,2.71,-87.9,1.9,-72.3,2.5,+12,70.1,+39.6,92.3,+82.4,3.07,+0.76,5.9,+1.09,1.35,+0.22,51
129,9943,好樂迪,68.4,+1.7,+2.5,2018,30.1,+3.28,17.2,+3.4,8.93,+27.7,57,+0.07,29.7,+5.72,18.8,+3.51,22.3,+4.04,6.06,+1.31,83
130,8032,光菱,25.35,-0.05,-0.2,2018,36.7,-11.9,5.49,-0.93,1.47,+27,15,+1.66,4.02,+1.24,6.01,+1.51,9.54,+1.62,2.84,+0.6,43
131,6201,亞弘電,34.25,0,0,2018,32.6,+6.93,5.86,-1.54,2.63,+28.4,18,-1.55,8.08,+1.35,7.98,+1.92,10.9,+2.43,2.95,+0.65,55
132,4972,湯石照明,30.05,0,0,2018,10.5,+6.7,3.61,+4.3,1.06,-12.8,34.2,-0.79,10,-2.24,7.26,-1.2,8.89,-1.45,2.65,-0.39,60
133,4155,訊映,28.8,-0.25,-0.9,2018,11.2,-9.14,3.1,+10.1,1.61,+27.2,27.6,+4.83,14.3,+4.04,8.6,+1.09,13,+1.18,2.15,+0.15,53
134,5438,東友,13.45,+0.05,+0.4,2018,21.6,-8.17,4.98,-18.4,1.6,-27.3,23,-2.89,7.42,-1.95,6.02,-1.85,8.68,-2.9,1.43,-0.53,49
135,6294,智基,102.5,+1,+1,2018,8.15,+4.13,3.76,+7.24,2.02,-7.39,46.2,+1.34,24.8,-3.08,18.6,-3.37,38.4,-7.33,8.62,-1.62,75
136,1540,喬福,19.25,-0.1,-0.5,2018,6.31,+9.29,1.58,-1.09,1.36,+198,25,-2.62,21.6,+13.7,7.7,+4.89,9.66,+6.36,1.59,+1.05,55
137,2030,彰源,12.85,0,0,2018,134,+6.03,17.9,+11.1,5.44,+1.11,13.3,+0.61,4.06,-0.2,5.18,+0.05,14.1,-1.34,1.97,-0.01,36
138,5403,中菲,38.55,0,0,2018,16.1,+3.11,4.79,-5.14,1.93,-17.4,29.8,-2.59,11.9,-3.05,6.77,-1.77,14.9,-3.46,3.08,-0.65,45
139,3537,堡達,30.85,+0.2,+0.7,2018,26.1,-8.63,3.76,+6.02,1.43,+39.9,14.4,+1.99,5.47,+1.9,10,+2.86,16.3,+4.04,2.94,+0.84,41
140,2464,盟立,42.45,-0.1,-0.2,2018,144,+16.4,26.6,+35.8,9.54,+127,18.5,+2.64,6.62,+3.22,8.1,+4.04,25,+13,4.88,+2.73,47
141,2915,潤泰全,70.8,+1.9,+2.8,2018,105,-66.2,62.7,-76.6,104,-22.5,59.7,-26.6,147,+69.4,21.6,-13.3,41.6,-23.2,13.55,-1.6,74
142,6609,瀧澤科,28.45,-0.15,-0.5,2018,33,+15,7.44,+26.1,2.91,+110,22.5,+2,8.81,+3.99,7.41,+3.57,14.1,+6.83,4.02,+2.07,48
143,8342,益張,45.3,0,0,2018,14.5,-1.91,2.55,-3.45,1.14,+63.1,17.6,-0.28,8.05,+3.04,7.76,+2.92,15.2,+5.23,3.43,+1.14,49
144,4987,科誠,64.8,+0.2,+0.3,2018,10.5,+1.81,4.25,+6.1,1.38,+10.8,40.5,+1.64,13.1,+1.07,11.4,+0.88,16.2,+1.27,5.6,+0.51,64
145,6182,合晶,32.4,-0.3,-0.9,2018,92.1,+44.4,34.2,+123,19.1,+535,37.1,+13.1,24.7,+17.6,12.8,+9.67,20.1,+14,3.8,+3.13,68
146,6525,捷敏-KY,64.8,-1.2,-1.8,2018,34.1,+10.3,10.4,-1.46,7.74,+23.5,30.6,-3.64,22.7,+2.43,17.9,+1.93,23.7,+2.44,6.6,+0.72,74
147,5511,德昌,27.25,+0.05,+0.2,2018,53.9,+34.3,9.08,+149,5.16,+75.9,16.8,+7.75,9.48,+2.19,5.87,+1.92,14,+5.37,4.55,+2.19,47
148,6532,瑞耘,29.85,-0.25,-0.8,2018,4.71,+29,1.79,+39.3,1.09,+88.7,38.1,+2.84,23.2,+7.35,17,+6.7,21.4,+8.65,3.46,+1.62,73
149,1452,宏益,18.2,+0.05,+0.3,2018,21.3,+0.79,3.11,-12.2,1.95,-9.61,14.6,-2.16,9.15,-1.05,7.11,-0.96,7.85,-1,1.47,-0.16,57
150,2426,鼎元,15.6,-0.05,-0.3,2018,30.3,-3.08,6.14,-16.1,5.38,+174,20.3,-3.15,16.1,+11.5,7.46,+5,12,+8.14,1.79,+1.13,53
151,3257,虹冠電,52,+0.9,+1.8,2018,7.76,+1.97,3.39,-3.02,1.13,+60.3,43.8,-2.25,14.6,+5.32,6.26,+2.26,6.85,+2.45,1.63,+0.61,70
152,6640,均華,39,+0.1,+0.3,2018,9.22,-5.58,3.14,-5.29,0.87,+35.1,34.1,+0.1,9.49,+2.86,5.68,+0.91,10.2,+2.25,3.33,+0.81,55
153,3580,友威科,27.35,-0.05,-0.2,2018,9.16,-20.7,2.82,-28.7,1.16,-37.2,30.8,-3.46,12.6,-3.31,8.11,-8.65,18.7,-22.7,3.11,-2.18,52
154,2027,大成鋼,39.2,-1.3,-3.2,2018,837,+29.9,182,+59.8,60.4,+455,21.8,+4.06,7.96,+5.73,8.66,+5.85,21.8,+12.9,5.83,+4.58,47
155,3030,德律,48.5,+0.1,+0.2,2018,49.2,+36.6,26.3,+37.8,10.6,+78.9,53.4,+0.48,21.6,+5.12,17,+6.94,20.6,+8.82,4.51,+1.99,73
156,1539,巨庭,23.6,-0.25,-1,2018,25.9,-7.36,2.51,-29.8,3.31,+334,9.69,-3.1,12.8,+10,10.5,+8.07,26.9,+20,5.07,+3.9,53
157,8271,宇瞻,32.8,+0.1,+0.3,2018,94.4,-5.99,13.1,+0.81,3.59,-11.5,13.9,+0.94,3.8,-0.23,8.06,-1.5,13.6,-2.57,3.56,-0.46,49
158,6136,富爾特,19.7,+0.5,+2.6,2018,6.38,-9.6,1.53,-22.8,0.86,-56.5,24,-4.08,13.9,-14.5,3.03,-3.37,3.16,-3.5,0.75,-0.97,57
159,2916,滿心,18.4,-0.2,-1.1,2018,13.1,+0.87,6.26,+0.47,0.83,+15.3,47.8,-0.19,6.37,+0.8,6.81,+0.78,9.17,+1.02,1.53,+0.21,47
160,3014,聯陽,35.5,-0.15,-0.4,2018,33.6,+5.99,17.7,+9.98,4.87,+25,52.7,+1.91,14.5,+2.27,9.89,+1.83,12.6,+2.49,3.08,+0.61,68
161,8131,福懋科,32.9,-0.25,-0.8,2018,87.9,+11.4,16.7,+27.9,14.2,+1.95,19,+2.47,16.2,-1.49,11.4,-0.41,12.7,-0.39,3.21,+0.06,64
162,2451,創見,66,+0.2,+0.3,2018,176,-16,35.3,-36.1,20.8,-21.6,20,-6.32,11.8,-0.85,9.33,-2.3,10.3,-2.72,4.83,-1.34,64
163,8916,光隆,44.5,+0.05,+0.1,2018,102,+19.3,13.5,+9.34,6.18,+623,13.3,-1.21,6.22,+7.51,9.26,+11,18.2,+21.6,5.74,+6.83,45
164,8070,長華,158.5,-0.5,-0.3,2018,158,+11.5,23.2,+16.8,8.56,-1.77,14.7,+0.67,8.35,+0.48,8.26,-0.5,15.7,+0.32,13.47,-0.17,47
165,1617,榮星,13.3,+0.05,+0.4,2018,36.1,+7.9,4.79,-1.97,2.17,+87,13.3,-1.34,5.99,+2.54,6.59,+3.03,12.6,+5.47,1.5,+0.69,49
166,8349,恒耀,62,0,0,2018,108,+4.79,24,-6.26,6.27,-8.93,22.2,-2.62,6.82,-2.25,6.13,-2.13,14,-4.36,5.43,-1.55,43
167,4538,大詠城,16,-0.2,-1.2,2018,6.9,+14.5,1.55,+21.3,0.79,+34.3,22.5,+1.27,11.5,+1.7,9.46,+2.16,13.7,+2.92,1.89,+0.49,55
168,6212,理銘,40,0,0,2018,37.9,+135,10.2,+260,7.67,+350,26.9,+9.36,20.2,+9.69,22.1,+17,37.6,+27.2,7.52,+5.85,72
169,2104,國際中橡,37.4,+0.35,+0.9,2018,244,+21.5,65.8,+18.1,29.9,+31.7,26.9,-0.77,13.3,+1.88,7.54,+0.7,12.3,+0.8,4.18,+0.49,60
170,2357,華碩,200.5,+1.5,+0.8,2018,"3,542",-18.4,520,-12.4,42.4,-72.8,14.7,+1,1.49,-2.21,1.53,-2.99,3.04,-5.8,5.7,-15.2,38
171,6104,創惟,31.65,+0.25,+0.8,2018,18.9,+5.51,9.14,+4.37,2.45,+86.9,48.4,-0.53,13,+5.66,9.31,+4.06,17.6,+8.19,2.73,+1.27,64
172,1340,勝悅-KY,16.15,-0.3,-1.8,2018,20.7,-39.2,3.49,-70.2,1.35,-83.9,16.9,-17.5,6.5,-18,1.95,-10.5,2.05,-11.3,0.97,-5.64,59
173,2478,大毅,33.65,+0.15,+0.4,2018,60.2,+47.6,23.2,+224,13.5,+615,38.6,+21,22.7,+18,17.3,+14.4,25.9,+21.6,7.26,+6.21,66
174,6229,研通,12.55,+0.3,+2.4,2018,16,-8.34,2.3,+19,0.28,+4.56,14.4,+3.31,1.73,+0.21,3.33,-0.2,5.74,+0.13,0.77,+0.04,43
175,3388,崇越電,69,-0.1,-0.1,2018,85.4,+11.4,16.4,+19.8,4.63,+32.3,19.2,+1.36,5.64,+0.81,10,+1.87,14.6,+2.79,7.41,+1.76,51
176,6175,立敦,20.3,-0.2,-1,2018,35.4,+24.6,7.32,+52.8,3.03,-9.1,20.7,+3.82,10.4,-2.58,8.49,-1.43,14.4,-1.34,2.23,-0.23,47
177,6138,茂達,57,-0.3,-0.5,2018,48.5,+14.7,15.1,+20.6,3.93,+38.7,31.2,+1.51,11.7,+3.16,16.1,+5.24,23.2,+7.84,4.41,+1.59,64
178,4916,事欣科,33.55,-0.45,-1.3,2018,85,+52.6,19.7,+50.3,2.45,+192,23.2,-0.36,3.42,+0.44,3.33,+0.33,7.87,+0.84,3.06,+2,34
179,1303,南亞,67.9,0,0,2018,"3,331",+8.79,491,-1.81,527,-3.26,14.7,-1.59,15.8,-1.82,9.45,-0.53,14,-1.06,6.65,-0.22,49
180,2064,晉椿,13.65,-0.2,-1.4,2018,27.4,+12,2.13,-6.52,0.71,+150,7.76,-1.54,2.68,+1.69,2.13,+1.42,5.16,+3.52,1.02,+0.61,34
181,4557,永新-KY,68.3,-1.1,-1.6,2018,15.7,+15.1,4.71,+0.87,1.79,-0.92,30.1,-4.23,11.6,-2.29,10.4,-0.75,14.3,-0.45,5.19,-0.07,57
182,6671,三能-KY,41,-0.65,-1.6,2018,19,-6.42,7.13,-8.13,1.78,-26.8,37.5,-0.7,9.24,-2.61,8.08,-2.84,11.4,-5.44,3.28,-1.24,60
183,2433,互盛電,48.25,-0.05,-0.1,2018,40.9,+9.38,12.4,+9.72,5.28,-4.99,30.4,+0.09,13.3,-1.93,6.47,-0.8,11.6,-1.88,3.66,-0.19,55
184,3211,順達,48.25,+0.15,+0.3,2018,179,+13.9,13.3,+44.2,6.42,+54.6,7.42,+1.56,3.59,+0.95,3.88,+1.29,9.43,+3.35,4.35,+1.54,30
185,5410,國眾,17.95,-0.1,-0.6,2018,32.3,+14.5,5.54,+7.35,1.36,+13.1,17.1,-1.14,4.16,-0.21,6.28,+0.13,12,+0.9,1.58,+0.18,43
186,6115,鎰勝,41.5,+0.2,+0.5,2018,70.4,-0.17,12,-10.9,5.26,+15.8,17.1,-2.05,7.48,+1.03,6.39,+0.93,10.6,+1.66,2.81,+0.37,51
187,2415,錩新,20.8,+0.1,+0.5,2018,22,-2.88,5.67,-10.3,1.01,-28.8,25.8,-2.15,5.72,-1,2.67,-0.83,6.22,-1.66,1.26,-0.39,38
188,8155,博智,77.7,+0.4,+0.5,2018,25.9,+8.11,6.44,+12,3.66,+19.2,24.8,+0.86,14.1,+1.32,15.2,+1.35,23.2,+2.05,7.36,+1.19,61
189,4952,凌通,34.75,-0.05,-0.1,2018,28.4,-9.75,9.83,-11.7,2.84,-20.8,34.6,-0.78,10,-1.4,9.91,-2.36,13.5,-3.23,2.61,-0.69,59
190,6151,晉倫,18.1,0,0,2018,19.2,-0.95,2.96,-3.74,0.81,-30.8,15.4,-0.45,4.21,-1.81,4.44,-1.98,8.55,-3.42,1.46,-0.65,30
191,2015,豐興,55.9,-0.4,-0.7,2018,309,+24.8,41.7,+9.32,29.4,+7.98,13.5,-1.91,9.53,-1.48,13.5,+0.02,16.2,+0.3,5.06,+0.37,53
192,6220,岳豐,27.95,+0.1,+0.4,2018,118,-0.21,27.9,-3.58,3.53,-13.9,23.7,-0.83,3,-0.47,4.42,-0.97,14.2,-2.56,2.84,-0.46,36
193,6292,迅德,32.15,+0.7,+2.2,2018,13.3,-5.27,4,-4.68,0.9,-25.5,30.1,+0.19,6.77,-1.84,5.62,-1.78,9.8,-2.89,1.92,-0.66,57
194,6112,聚碩,34.95,+0.25,+0.7,2018,112,+7.33,10.9,+16.2,3.18,+12.2,9.78,+0.74,3.1,+0.23,5.61,+0.25,14.6,+0.62,2.86,+0.06,34
195,1326,台化,86.7,-0.2,-0.2,2018,"4,079",+13.8,536,+0.71,488,-10.4,13.1,-1.71,13.6,-3.16,9.53,-1.22,13,-2.03,8.36,-0.97,51
196,2356,英業達,21,+0.1,+0.5,2018,"5,069",+8.42,239,-4.62,65,-3.78,4.71,-0.64,1.05,+0.12,2.57,+0.35,9.12,+1.86,1.81,-0.07,32
197,6270,倍微,14,+0.1,+0.7,2018,30.8,+13.8,2.84,+26.6,0.7,+193,9.23,+0.93,2.29,+1.4,4.19,+2.79,5.66,+3.73,0.98,+0.65,43
198,6203,海韻電,35.05,+0.05,+0.1,2018,22.7,+30.6,6.83,+38.4,3.01,+187,30.2,+1.7,13.3,+7.23,13.2,+8.41,19.5,+12.4,3.76,+2.45,60
199,4417,金洲,35.05,-0.05,-0.1,2018,33.4,+16.6,8.84,+10.8,3.68,+56.5,26.5,-1.38,11.5,+1.84,9.21,+2.01,15.1,+3.55,4.41,+1.59,53
200,6218,豪勉,22.45,+0.2,+0.9,2018,12.7,+0.22,5.04,+11,1.09,+50.1,39.6,+3.84,8.6,+2.86,6.57,+1.81,10.4,+3.33,1.7,+0.57,51
201,1530,亞崴,28.1,+0.05,+0.2,2018,48.7,+15.1,8.93,+3.58,3.33,+89,18.3,-2.04,6.84,+2.76,4.33,+1.87,11,+5,3.45,+1.62,43
202,2849,安泰銀,14.05,+0.05,+0.4,2018,64.1,+0.78,無資訊,無資訊,22.1,+5.23,無資訊,無資訊,34.5,+1.46,0.71,+0.03,6.78,+0.05,1.26,+0.02,47
203,2227,裕日車,249.5,-1,-0.4,2018,313,-5.91,53.3,-13.9,58.9,-11.3,17,-1.57,18.8,-1.15,22.7,-1.22,28.3,-2.79,19.63,-2.51,59
204,1527,鑽全,56.5,-0.8,-1.4,2018,37.3,-2.68,11.2,+0.37,10.3,+406,29.9,+0.91,27.6,+22.3,7.17,+5.8,30.3,+24.2,7.48,+6,62
205,6560,欣普羅,42.4,+0.65,+1.6,2018,4.25,+157,1.4,+91,0.62,+614,32.8,-11.3,14.5,+21.7,15.6,+19,19.6,+24,3.55,+4.25,68
206,2850,新產,37.5,+0.2,+0.5,2018,147,+5.67,51.7,+17.1,17.7,+29.7,35,+3.41,12,+2.22,5.44,+1.13,17.4,+2.46,5.6,+1.28,59
207,8497,格威傳媒,49.65,0,0,2018,29.9,+27.1,9.05,+54.2,1.67,+80,30.2,+5.32,7.65,+3.18,14.8,+6.86,25.4,+12.5,5.16,+2.07,55
208,8415,大國鋼,34.05,-0.15,-0.4,2018,167,+48,48.7,+18,11.9,+70.4,29.1,-7.41,7.11,+0.93,5.43,+0.5,8.89,-1.1,1.64,+0.43,47
209,8401,白紗科,12,+0.1,+0.8,2018,14.6,+1.67,3.36,-8.74,0.6,-34.6,23.1,-2.64,4.15,-2.3,3.92,-2.14,6.38,-3.8,0.97,-0.57,45
210,3702,大聯大,38.4,+0.2,+0.5,2018,"5,451",+2.37,236,+6.68,74.6,+2.11,4.33,+0.18,1.38,0,4.01,-0.11,14.1,-0.33,4.22,+0.12,26
211,4433,興采,37.6,-1.4,-3.6,2018,16,+6.73,3.36,+7.76,0.63,+526,21,+0.2,3.88,+3.23,3.78,+3.14,7.11,+5.96,2.1,+1.76,43
212,1712,興農,18.6,+0.05,+0.3,2018,181,+4.92,49.1,+4.05,7.27,+25.8,27,-0.22,4.05,+0.69,4.86,+1.11,10.7,+1.43,1.74,+0.24,43
213,6202,盛群,67.4,+0.2,+0.3,2018,48.6,+5.37,23.9,+10.7,10.6,+14.9,49.2,+2.39,22,+1.73,19.6,+1.77,25.7,+2.56,4.7,+0.6,77
214,1609,大亞,10.05,-0.05,-0.5,2018,186,+11,12.8,-17.4,4.71,+0.81,6.89,-2.37,3.08,-0.59,2.94,-0.45,7.15,-0.85,0.83,0,38
215,4560,強信-KY,50,+0.3,+0.6,2018,18.2,+32.1,7.46,+32.5,3.13,+54.1,41,+0.12,17.2,+2.46,14.3,+3.35,20.1,+4.51,4.76,+1.51,66
216,6208,日揚,24.5,-0.1,-0.4,2018,22.4,+32.4,7.19,+31.2,2.09,+15.4,32.1,-0.28,9.53,-1.16,8,-0.13,11.4,+0.73,2.11,+0.28,51
217,6582,申豐,51.8,-0.2,-0.4,2018,36.9,+24.1,8.11,+19.4,4.27,+23.7,22,-0.87,11.6,-0.04,11.8,+1.22,13.3,+0.81,4.08,+0.62,62
218,3546,宇峻,62,+0.2,+0.3,2018,11.3,+14.6,9.96,+12,1.91,+11.8,87.9,-2.03,16.8,-0.43,13.6,+0.39,17,+0.67,4.62,+0.01,70
219,4989,榮科,23.1,+0.15,+0.7,2018,32.1,-15,4.58,-48,2.77,-53.8,14.3,-9.07,8.62,-7.26,10.4,-14.7,12.4,-20,1.88,-2.4,57
220,8383,千附,36.1,-0.15,-0.4,2018,34,+6.44,7.12,-26.7,3.03,-36.1,20.9,-9.46,8.91,-5.93,5.92,-3.97,8.9,-5.32,2.57,-1.45,45
221,2204,中華,24.55,+0.5,+2.1,2018,349,-10.4,61.9,-5.07,35.9,-12.5,17.8,+0.99,11.2,-0.51,6.08,-1.14,7.06,-1.41,2.64,-0.37,55
222,2034,允強,26,-0.2,-0.8,2018,191,-0.71,20.2,+1.26,9.1,+11.5,10.6,+0.21,4.76,+0.52,7.69,+0.76,11.8,+0.93,2.23,+0.23,40
223,6593,台灣銘板,26,+0.05,+0.2,2018,7.56,-3.63,1.84,+5.18,0.54,+27.1,24.3,+2.04,7.14,+1.73,6.51,+1.52,10.8,+1.1,2.76,+0.41,53
224,6168,宏齊,14.45,-0.1,-0.7,2018,29.2,-2.98,5.65,-14.8,2.36,+4.13,19.3,-2.67,7.99,+0.21,6.01,0,8.33,-0.62,1.15,+0.03,49
225,3556,禾瑞亞,47.7,-0.3,-0.6,2018,10.8,-6.17,5.97,-5.08,1.98,-5.33,55.4,+0.64,18.1,-0.28,13.5,-0.71,16.5,-1.09,3.32,-0.19,72
226,4973,廣穎,17.35,-0.15,-0.9,2018,45,+4.87,5.56,+15.2,0.85,+397,12.4,+1.11,1.89,+1.49,3.33,+2.65,5.45,+4.38,1.34,+1.07,47
227,4305,世坤,37.6,-0.1,-0.3,2018,11.4,-4.03,2.74,+1.11,1.75,+27.4,24.1,+1.23,15.3,+3.78,14.6,+2.94,17.2,+3.38,3.18,+0.69,68
228,3323,加百裕,29.8,-0.1,-0.3,2018,93.8,+24.5,8.93,+19.8,2.07,+6.44,9.52,-0.38,2.2,-0.38,3.85,-0.45,8.8,+0.32,2.39,+0.15,25
229,3550,聯穎,14.5,-0.05,-0.3,2018,41,+8.13,7.64,+2.44,1.17,-6.08,18.6,-1.04,2.99,-0.44,3.22,-0.28,6.03,-0.15,1.37,-0.09,45
230,3501,維熹,50.8,+0.1,+0.2,2018,55.2,+10.7,15.2,+0.41,7.08,+34.2,27.5,-2.83,12.8,+2.24,8.54,+1.71,12.4,+2.95,5.99,+1.53,60
231,2471,資通,17.45,+0.15,+0.9,2018,6.74,-0.39,2.49,+10.7,0.57,+77.5,37,+3.7,8.49,+3.84,5.17,+2.29,7.92,+3.54,1.21,+0.52,55
232,8054,安國,14.55,-0.05,-0.3,2018,17.4,-10.5,6.78,-8.11,0.81,+3.32,38.9,+1,6.16,+1.61,4.06,+0.71,4.55,+0.7,1.1,+0.03,60
233,2423,固緯,26.2,+0.35,+1.4,2018,25.8,+11.7,13,+13.6,3.44,+20.9,50.4,+0.86,13.3,+1.02,10.9,+1.58,15.1,+2.2,2.37,+0.41,62
234,6214,精誠,72.9,+0.4,+0.6,2018,195,+15.7,50.3,+11,10.5,-10.7,25.8,-1.07,5.38,-1.57,5.34,-0.76,8.23,-1.12,4.27,-0.52,49
235,2324,仁寶,17.5,-0.05,-0.3,2018,"9,677",+9.02,306,-4.37,89.1,+55,3.16,-0.44,0.99,+0.3,2.51,+0.78,8.65,+3.07,2.05,+0.73,36
236,2414,精技,21.15,0,0,2018,171,+1.8,15.4,-2,2.55,-0.96,9,-0.35,1.52,-0.12,4.4,-0.19,8.5,-0.59,1.58,-0.01,30
237,4938,和碩,51.1,-0.2,-0.4,2018,"13,400",+12.2,408,-12.6,111,-24.3,3.04,-0.87,0.83,-0.51,2.07,-1.36,6.07,-2.78,4.25,-1.41,34
238,3209,全科,17.55,-0.05,-0.3,2018,318,+0.48,14.5,+12.2,2.11,-25.2,4.57,+0.48,0.68,-0.22,1.93,-0.64,8.09,-3.69,1.25,-0.69,26
239,6216,居易,29.2,+0.1,+0.3,2018,9.86,+0.47,4.95,-2.7,1.88,-2.95,50.2,-1.64,19,-0.67,11.2,-0.15,12.9,-0.76,2.28,-0.1,77
240,6457,紘康,27,0,0,2018,5.95,-3.1,2.49,-2.57,0.45,-3.49,41.8,+0.23,7.41,-0.13,7.37,-0.42,9.04,-0.48,1.58,-0.08,57
241,8069,元太,30.8,-3.2,-9.4,2018,142,-6.54,59.3,-5.64,26.1,+25.8,41.7,+0.4,19,+5.25,7.4,+1.39,9.69,+2.03,2.32,+0.47,66
242,6261,久元,44.3,+0.05,+0.1,2018,34.9,-4.9,9.23,-7.45,4.61,-10.7,26.4,-0.73,12.6,-0.66,5.68,-0.56,7.26,-0.91,3.58,-0.43,62
243,2404,漢唐,148.5,0,0,2018,181,+44.7,31.8,+42.5,21.5,+76.8,17.6,-0.28,12.6,+1.83,12.2,+4.17,32.3,+12,9.42,+4.32,55
244,3040,遠見,29.7,-0.1,-0.3,2018,1.9,+0.62,1.14,-4.32,0.82,-88.2,60.1,-3.1,43.5,-326,4.57,-33.1,4.98,-35.5,1.31,-9.75,72
245,8109,博大,81.7,-0.6,-0.7,2018,13.2,+15,6.68,+11.4,4.61,+59.5,50.5,-1.6,34.9,+9.73,16,+5.02,32,+9.62,7.01,+2.6,85
246,2838,聯邦銀,10.4,0,0,2018,127,+2.09,無資訊,無資訊,29.6,+7.71,無資訊,無資訊,23.2,+1.03,0.49,-0.02,6.02,-0.54,1.07,+0.02,44
247,3679,新至陞,44.6,+0.3,+0.7,2018,42.2,+4.96,7.98,-19.7,2.42,-44.5,18.9,-5.82,5.73,-5.11,3.17,-2.49,5.78,-3.67,3.35,-2.15,45
248,3515,華擎,59.5,-0.5,-0.8,2018,102,+10.7,22.7,+15.8,5.93,+26.4,22.2,+0.99,5.82,+1.01,6.47,+1.28,10,+2.23,4.91,+0.89,49
249,6206,飛捷,74.4,+0.4,+0.5,2018,65.7,+0.07,19.3,-0.92,8.01,+8.54,29.3,-0.29,12.1,+0.92,13.4,+1.43,17.2,+1.61,5.6,+0.54,68
250,1599,宏佳騰,44.7,+0.5,+1.1,2018,26,+6.95,6.38,+7.71,2.15,+46,24.6,+0.17,8.28,+2.21,10,+2.8,14.7,+4.17,3.59,+1.19,62
251,3296,勝德,14.9,-0.05,-0.3,2018,31.4,+9.87,4.75,+1.4,0.99,+4093,15.1,-1.26,3.16,+3.07,4.2,+4.11,6.3,+6.15,1.01,+0.99,45
252,4974,亞泰,46.2,+0.35,+0.8,2018,36.7,+0.59,5.09,-8.95,3.38,+12.3,13.8,-1.45,9.19,+0.96,10.6,+0.82,14.8,-0.49,4.66,+0.41,52
253,1817,凱撒衛,34.3,-0.15,-0.4,2018,22.9,+1.02,7.52,-0.63,2.54,-2.17,32.8,-0.54,11.1,-0.36,11.6,-1.08,15.4,-0.92,3.5,-0.08,57
254,6506,雙邦,17.9,-0.05,-0.3,2018,21.8,+1.18,3.26,-10,1.06,-12.2,15,-1.86,4.66,-1.07,4.97,-0.88,8.22,-2.05,1.32,-0.22,43
255,2484,希華,21.65,-0.1,-0.5,2018,26.9,-17.4,5.77,+6,2.6,+55.4,21.4,+4.73,9.66,+4.39,6.31,+2.14,8.68,+2.83,1.63,+0.58,55
256,8416,實威,112,-0.5,-0.4,2018,11.9,+19.7,6.48,+14.7,2.73,+18.8,54.4,-2.39,23,-0.18,22.2,+1.57,28.6,+1.95,9.69,+0.72,79
257,1409,新纖,12.7,+0.05,+0.4,2018,417,+15.6,63.4,+37.1,24.6,+155,15.2,+2.38,6.86,+3.73,1.99,+1.17,7.91,+4.64,1.52,+0.92,40
258,8074,鉅橡,18.55,+0.1,+0.5,2018,14.1,+10.6,2.83,-18.8,1.06,-28.3,20.1,-7.27,7.38,-4.1,3.9,-2.18,7.03,-3.14,1.3,-0.54,49
259,2617,台航,19.45,-0.3,-1.5,2018,33.7,+19.5,8.62,+88.6,9.58,+105,25.6,+9.38,28.4,+11.9,6.27,+3.09,9.59,+4.75,2.29,+1.17,61
260,2488,漢平,37.45,-0.25,-0.7,2018,26.3,+23,6.14,+12.8,2.92,+53.8,23.3,-2.12,11.2,+2.15,8.77,+3.19,15,+5.1,3.65,+1.28,60
261,1102,亞泥,41.95,-0.1,-0.2,2018,827,+27.5,212,+108,111,+103,25.6,+9.92,18,+7.72,5.66,+2.91,9.77,+5.11,3.54,+1.8,51
262,3285,微端,18,0,0,2018,12.4,+10.3,2.72,+25.9,0.76,+236,21.9,+2.71,6.33,+4.3,7.71,+5.43,12.8,+9.09,1.75,+1.24,55
263,6257,矽格,30.9,+0.25,+0.8,2018,95.4,+39.7,26.6,+41.7,11.6,+16.8,27.8,+0.4,14.1,-3.34,7.07,-0.36,12.1,-0.82,3.01,+0.25,64
264,6494,九齊,33,+0.7,+2.2,2018,9.7,-3.72,3.69,-9.78,0.77,-26,38,-2.55,7.93,-2.39,10.2,-5.89,13.6,-8.43,2.65,-1.27,55
265,6530,創威,15,+0.05,+0.3,2018,2.83,-20.6,0.88,-15.7,0.23,-15,31.1,+1.79,8.21,+0.54,4.57,-0.93,5.29,-1.26,0.69,-0.22,55
266,2480,敦陽科,51.4,-0.4,-0.8,2018,46.5,+10.6,13.8,+23.8,4.04,+32.2,29.7,+3.16,8.7,+1.42,8.72,+1.92,15.6,+4.05,3.8,+1.24,51
267,3213,茂訊,42.15,+0.35,+0.8,2018,24.2,-5.02,4.92,-24,1.82,-45,20.3,-5.07,7.35,-5.52,9.09,-8.17,12.4,-11.1,3.1,-2.54,53
268,6227,茂綸,22.6,0,0,2018,85.6,+37.3,7.73,+43.9,2.07,+40.7,9.03,+0.41,2.42,+0.06,4.86,+0.95,13.3,+3.27,2.73,+0.79,20
269,3015,全漢,18.85,+0.05,+0.3,2018,145,+0.74,14.6,-3.6,0.78,-75.3,10,-0.45,0.63,-1.59,0.66,-1.59,1.1,-2.72,0.4,-1.24,38
270,5209,新鼎,41.9,-0.25,-0.6,2018,14.1,+5.22,1.88,-8.61,0.76,+0.46,13.4,-2.02,5.42,-0.26,5.39,-0.44,14.1,-0.21,3.25,+0.02,43
271,6670,復盛應用,166,+1,+0.6,2018,160,+13.3,39.4,+22.2,20.1,+45,24.6,+1.79,13.1,+3.34,21.7,+6.13,46.4,-11.3,16.85,+5.17,64
272,6577,勁豐,68,0,0,2018,18.9,+2.98,5,+7.55,1.86,+23.6,26.4,+1.12,9.85,+1.64,12.9,+0.74,18.3,+0.05,4.87,+0.87,55
273,3088,艾訊,56.7,-0.1,-0.2,2018,50.1,+25.4,16.7,+22.5,4.07,-56.1,33.2,-0.8,8.12,-15.1,10.3,-15.8,17.2,-27.5,5.12,-6.59,57
274,6435,大中,107,-1.5,-1.4,2018,25.1,+31,5.66,+61.9,3.22,+106,22.5,+4.3,12.8,+4.68,25.5,+10.5,41.4,+17.7,9.75,+5.02,62
275,1537,廣隆,151.5,+0.5,+0.3,2018,84.9,+9.22,18.3,+4.32,9.83,+9.06,21.6,-1.01,11.6,-0.08,17.8,+0.24,26.1,+1.31,12.03,+0.99,60
276,8422,可寧衛,151.5,-0.5,-0.3,2018,34,+21.9,21.5,+8.18,13.2,-3.15,63.2,-8.03,38.9,-10.1,20.5,-2.14,24.1,-1.33,12.13,-0.39,89
277,4722,國精化,27.3,0,0,2018,47.5,-4.07,7.05,-8.59,2.54,-14,14.8,-0.73,5.35,-0.62,7.09,-1.25,10.6,-2.13,2.54,-0.56,43
278,4568,科際精密,68,0,0,2018,12.2,+2.05,4.43,-3.78,1.6,-3.08,36.2,-2.2,13.1,-0.7,10.7,-1.08,17.5,-3.76,5.79,-0.34,64
279,3114,好德,34.5,-0.35,-1,2018,35,+58.2,3.82,+38.6,1.65,+130,10.9,-1.55,4.7,+1.47,7.5,+3.02,17.8,+9.14,3.16,+1.73,43
280,3071,協禧,18.3,+0.3,+1.7,2018,25.4,+11.8,6.47,+2.21,1.93,+18.9,25.5,-2.4,7.63,+0.46,7.49,+0.89,13.2,+2.07,1.61,+0.41,51
281,4138,曜亞,48.05,0,0,2018,11.6,+0.71,3.36,-9.32,1.05,-7.17,28.9,-3.19,10.5,-1.89,5.65,-0.61,8.6,-1.53,3.5,-0.27,60
282,1595,川寶,38.15,-0.2,-0.5,2018,17.6,+28.2,5.32,+23.1,1.97,-33.8,30.3,-1.26,11.2,-10.5,5.24,-4.2,8.18,-6,4.18,-2.94,55
283,6263,普萊德,65.7,+1.3,+2,2018,13.7,+0.47,5.33,+2.03,3.01,-1.74,39,+0.6,22,-0.5,19.3,-0.96,23.4,-1.33,4.82,-0.08,80
284,2409,友達,7.64,-0.23,-2.9,2018,"3,076",-9.79,281,-53.9,102,-68.6,9.15,-8.75,2.59,-6.29,1.87,-5.08,3.6,-10.6,1.06,-2.3,47
285,8410,森田,26.8,+0.5,+1.9,2018,10.1,-1.98,3.34,-11.4,1.03,+2.17,33,-3.5,10.2,+0.41,5.96,0,7.42,-0.07,2.82,+0.06,61
286,1464,得力,23,-0.15,-0.6,2018,91.3,+15.1,14.6,-1.94,2.02,-45.4,16,-2.79,2.78,-2.45,1.66,-1.65,4.68,-3.17,0.61,-0.6,36
287,6210,慶生,39.9,+0.85,+2.2,2018,7.36,-13.1,2.08,-34.1,0.9,-38.4,28.2,-9.01,12.2,-5.03,8.55,-5.41,11,-7.35,2.57,-1.59,59
288,4207,環泰,10.75,-0.15,-1.4,2018,37.7,+12.3,4.44,-34,1.24,-38.1,11.8,-8.25,4,-3.79,3.2,-2.68,5.74,-4.67,0.75,-0.48,40
289,2834,臺企銀,12.3,0,0,2018,230,+10.4,無資訊,無資訊,76.4,+51.6,無資訊,無資訊,33.2,+9.02,0.48,+0.15,9.51,+2.64,1.19,+0.37,50
290,5439,高技,43.1,-0.1,-0.2,2018,23,+10.7,4.78,+26.4,2.93,+51,20.8,+2.59,12.8,+3.41,12.9,+3.61,18.1,+4.51,3.41,+1.09,60
291,6486,互動,74.3,+0.7,+1,2018,17.3,-3.8,7.1,+3.69,1.98,+18.9,41.1,+2.97,11.5,+2.19,9.57,+0.96,19.4,+3.36,4.71,+1.1,55
292,6184,大豐電,38.7,+0.3,+0.8,2018,19.7,+5.39,8.31,+1.17,3.52,+0.34,42.1,-1.76,18,-1.21,3.62,-0.35,7.9,+0.33,2.37,0,60
293,1402,遠東新,27.9,-0.3,-1.1,2018,"2,287",+4.96,444,-10.7,120,+49.1,19.4,-3.4,8.04,+1.52,3.4,+0.64,7.03,+1.44,2.41,+0.8,40
294,6154,順發,15.5,+0.05,+0.3,2018,40.9,-7.59,6.09,-8.58,0.58,-34.6,14.9,-0.16,1.42,-0.59,3.35,-1.51,4.59,-2.38,0.73,-0.38,47
295,6174,安碁,15.5,-0.25,-1.6,2018,5.53,-0.78,1.72,+1.24,0.53,+112,31.1,+0.62,9.6,+5.11,7.41,+4.09,9.17,+4.83,1.06,+0.56,59
296,6197,佳必琪,31,-0.25,-0.8,2018,34.9,-15.7,6.43,-12.5,2.78,-1.55,18.4,+0.68,7.96,+1.14,6.24,+0.3,8.96,+0.76,2.18,+0.36,49
297,6128,上福,31.05,+0.05,+0.2,2018,67.9,+303,22,+204,0.41,-90.9,32.3,-10.5,0.61,-26.5,0.69,-9.54,1.54,-23,0.36,-4.86,47
298,2483,百容,20,-0.1,-0.5,2018,20.4,+13.6,4.56,-14.5,1.66,+2.86,22.4,-7.36,7.89,-1.21,4.12,-0.56,6.59,-0.1,1.5,+0.04,49
299,1442,名軒,15.55,+0.05,+0.3,2018,9.45,-67.8,2.76,-64.5,1.21,-78.5,29.2,+2.66,12.8,-6.36,1.15,-3.82,2.22,-8.07,0.4,-1.62,40
300,5425,台半,46.65,+0.35,+0.8,2018,96.1,+6.85,35.3,+6.6,8.12,-6.43,36.7,-0.09,13,-1.02,9.78,-1.31,17.6,-0.94,3.53,-0.24,57
